,,
playerindex,https://stats.nba.com/stats/playerindex?College=&Country=&DraftPick=&DraftRound=&DraftYear=&Height=&Historical=1&LeagueID=00&Season=2024-25&SeasonType=Playoffs&TeamID=0&Weight=,
,player > general > traditionnal,https://stats.nba.com/stats/leaguedashplayerstats?College=&Conference=&Country=&DateFrom=&DateTo=&Division=&DraftPick=&DraftYear=&GameScope=&GameSegment=&Height=&ISTRound=&LastNGames=0&LeagueID=00&Location=&MeasureType=Base&Month=0&OpponentTeamID=0&Outcome=&PORound=0&PaceAdjust=N&PerMode=PerGame&Period=0&PlayerExperience=&PlayerPosition=&PlusMinus=N&Rank=N&Season=2023-24&SeasonSegment=&SeasonType=Playoffs&ShotClockRange=&StarterBench=&TeamID=0&VsConference=&VsDivision=&Weight=
,player > general > advanced,https://stats.nba.com/stats/leaguedashplayerstats?College=&Conference=&Country=&DateFrom=&DateTo=&Division=&DraftPick=&DraftYear=&GameScope=&GameSegment=&Height=&ISTRound=&LastNGames=0&LeagueID=00&Location=&MeasureType=Advanced&Month=0&OpponentTeamID=0&Outcome=&PORound=0&PaceAdjust=N&PerMode=PerGame&Period=0&PlayerExperience=&PlayerPosition=&PlusMinus=N&Rank=N&Season=2023-24&SeasonSegment=&SeasonType=Playoffs&ShotClockRange=&StarterBench=&TeamID=0&VsConference=&VsDivision=&Weight=
,player > general > misc,https://stats.nba.com/stats/leaguedashplayerstats?College=&Conference=&Country=&DateFrom=&DateTo=&Division=&DraftPick=&DraftYear=&GameScope=&GameSegment=&Height=&ISTRound=&LastNGames=0&LeagueID=00&Location=&MeasureType=Misc&Month=0&OpponentTeamID=0&Outcome=&PORound=0&PaceAdjust=N&PerMode=PerGame&Period=0&PlayerExperience=&PlayerPosition=&PlusMinus=N&Rank=N&Season=2023-24&SeasonSegment=&SeasonType=Playoffs&ShotClockRange=&StarterBench=&TeamID=0&VsConference=&VsDivision=&Weight=
,player > general > scoring,https://stats.nba.com/stats/leaguedashplayerstats?College=&Conference=&Country=&DateFrom=&DateTo=&Division=&DraftPick=&DraftYear=&GameScope=&GameSegment=&Height=&ISTRound=&LastNGames=0&LeagueID=00&Location=&MeasureType=Scoring&Month=0&OpponentTeamID=0&Outcome=&PORound=0&PaceAdjust=N&PerMode=PerGame&Period=0&PlayerExperience=&PlayerPosition=&PlusMinus=N&Rank=N&Season=2023-24&SeasonSegment=&SeasonType=Playoffs&ShotClockRange=&StarterBench=&TeamID=0&VsConference=&VsDivision=&Weight=
,player > general > usage,https://stats.nba.com/stats/leaguedashplayerstats?College=&Conference=&Country=&DateFrom=&DateTo=&Division=&DraftPick=&DraftYear=&GameScope=&GameSegment=&Height=&ISTRound=&LastNGames=0&LeagueID=00&Location=&MeasureType=Usage&Month=0&OpponentTeamID=0&Outcome=&PORound=0&PaceAdjust=N&PerMode=PerGame&Period=0&PlayerExperience=&PlayerPosition=&PlusMinus=N&Rank=N&Season=2023-24&SeasonSegment=&SeasonType=Playoffs&ShotClockRange=&StarterBench=&TeamID=0&VsConference=&VsDivision=&Weight=
,player > general > opponent,https://stats.nba.com/stats/leagueplayerondetails?College=&Conference=&Country=&DateFrom=&DateTo=&Division=&DraftPick=&DraftYear=&GameScope=&GameSegment=&Height=&ISTRound=&LastNGames=0&LeagueID=00&Location=&MeasureType=Opponent&Month=0&OpponentTeamID=0&Outcome=&PORound=0&PaceAdjust=N&PerMode=Per100Possessions&Period=0&PlayerExperience=&PlayerPosition=&PlusMinus=N&Rank=N&Season=2023-24&SeasonSegment=&SeasonType=Playoffs&ShotClockRange=&StarterBench=&TeamID=0&VsConference=&VsDivision=&Weight=
,player > general > defense,https://stats.nba.com/stats/leaguedashplayerstats?College=&Conference=&Country=&DateFrom=&DateTo=&Division=&DraftPick=&DraftYear=&GameScope=&GameSegment=&Height=&ISTRound=&LastNGames=0&LeagueID=00&Location=&MeasureType=Defense&Month=0&OpponentTeamID=0&Outcome=&PORound=0&PaceAdjust=N&PerMode=PerGame&Period=0&PlayerExperience=&PlayerPosition=&PlusMinus=N&Rank=N&Season=2023-24&SeasonSegment=&SeasonType=Playoffs&ShotClockRange=&StarterBench=&TeamID=0&VsConference=&VsDivision=&Weight=
,player > general > violations,https://stats.nba.com/stats/leaguedashplayerstats?College=&Conference=&Country=&DateFrom=&DateTo=&Division=&DraftPick=&DraftYear=&GameScope=&GameSegment=&Height=&ISTRound=&LastNGames=0&LeagueID=00&Location=&MeasureType=Violations&Month=0&OpponentTeamID=0&Outcome=&PORound=0&PaceAdjust=N&PerMode=Totals&Period=0&PlayerExperience=&PlayerPosition=&PlusMinus=N&Rank=N&Season=2023-24&SeasonSegment=&SeasonType=Playoffs&ShotClockRange=&StarterBench=&TeamID=0&VsConference=&VsDivision=&Weight=
,player > general > estimated advanced,https://stats.nba.com/stats/playerestimatedmetrics?LeagueID=00&Season=2023-24&SeasonType=Playoffs
,player > clutch > traditionnal,https://stats.nba.com/stats/leaguedashplayerclutch?AheadBehind=Ahead%20or%20Behind&ClutchTime=Last%205%20Minutes&College=&Conference=&Country=&DateFrom=&DateTo=&Division=&DraftPick=&DraftYear=&GameScope=&GameSegment=&Height=&ISTRound=&LastNGames=0&LeagueID=00&Location=&MeasureType=Base&Month=0&OpponentTeamID=0&Outcome=&PORound=0&PaceAdjust=N&PerMode=PerGame&Period=0&PlayerExperience=&PlayerPosition=&PlusMinus=N&PointDiff=5&Rank=N&Season=2023-24&SeasonSegment=&SeasonType=Playoffs&ShotClockRange=&StarterBench=&TeamID=0&VsConference=&VsDivision=&Weight=
,player > clutch > advanced,https://stats.nba.com/stats/leaguedashplayerclutch?AheadBehind=Ahead%20or%20Behind&ClutchTime=Last%205%20Minutes&College=&Conference=&Country=&DateFrom=&DateTo=&Division=&DraftPick=&DraftYear=&GameScope=&GameSegment=&Height=&ISTRound=&LastNGames=0&LeagueID=00&Location=&MeasureType=Advanced&Month=0&OpponentTeamID=0&Outcome=&PORound=0&PaceAdjust=N&PerMode=PerGame&Period=0&PlayerExperience=&PlayerPosition=&PlusMinus=N&PointDiff=5&Rank=N&Season=2023-24&SeasonSegment=&SeasonType=Playoffs&ShotClockRange=&StarterBench=&TeamID=0&VsConference=&VsDivision=&Weight=
,player > clutch > misc,https://stats.nba.com/stats/leaguedashplayerclutch?AheadBehind=Ahead%20or%20Behind&ClutchTime=Last%205%20Minutes&College=&Conference=&Country=&DateFrom=&DateTo=&Division=&DraftPick=&DraftYear=&GameScope=&GameSegment=&Height=&ISTRound=&LastNGames=0&LeagueID=00&Location=&MeasureType=Misc&Month=0&OpponentTeamID=0&Outcome=&PORound=0&PaceAdjust=N&PerMode=PerGame&Period=0&PlayerExperience=&PlayerPosition=&PlusMinus=N&PointDiff=5&Rank=N&Season=2023-24&SeasonSegment=&SeasonType=Playoffs&ShotClockRange=&StarterBench=&TeamID=0&VsConference=&VsDivision=&Weight=
,player > clutch > scoring,https://stats.nba.com/stats/leaguedashplayerclutch?AheadBehind=Ahead%20or%20Behind&ClutchTime=Last%205%20Minutes&College=&Conference=&Country=&DateFrom=&DateTo=&Division=&DraftPick=&DraftYear=&GameScope=&GameSegment=&Height=&ISTRound=&LastNGames=0&LeagueID=00&Location=&MeasureType=Scoring&Month=0&OpponentTeamID=0&Outcome=&PORound=0&PaceAdjust=N&PerMode=PerGame&Period=0&PlayerExperience=&PlayerPosition=&PlusMinus=N&PointDiff=5&Rank=N&Season=2023-24&SeasonSegment=&SeasonType=Playoffs&ShotClockRange=&StarterBench=&TeamID=0&VsConference=&VsDivision=&Weight=
,player > clutch > usage,https://stats.nba.com/stats/leaguedashplayerclutch?AheadBehind=Ahead%20or%20Behind&ClutchTime=Last%205%20Minutes&College=&Conference=&Country=&DateFrom=&DateTo=&Division=&DraftPick=&DraftYear=&GameScope=&GameSegment=&Height=&ISTRound=&LastNGames=0&LeagueID=00&Location=&MeasureType=Usage&Month=0&OpponentTeamID=0&Outcome=&PORound=0&PaceAdjust=N&PerMode=PerGame&Period=0&PlayerExperience=&PlayerPosition=&PlusMinus=N&PointDiff=5&Rank=N&Season=2023-24&SeasonSegment=&SeasonType=Playoffs&ShotClockRange=&StarterBench=&TeamID=0&VsConference=&VsDivision=&Weight=
,player > playtype > isolation,https://stats.nba.com/stats/synergyplaytypes?LeagueID=00&PerMode=PerGame&PlayType=Isolation&PlayerOrTeam=P&SeasonType=Playoffs&SeasonYear=2023-24&TypeGrouping=offensive
,player > playtype > transition,https://stats.nba.com/stats/synergyplaytypes?LeagueID=00&PerMode=PerGame&PlayType=Transition&PlayerOrTeam=P&SeasonType=Playoffs&SeasonYear=2023-24&TypeGrouping=offensive
,player > playtype > pick & roll ball handler,https://stats.nba.com/stats/synergyplaytypes?LeagueID=00&PerMode=PerGame&PlayType=PRBallHandler&PlayerOrTeam=P&SeasonType=Playoffs&SeasonYear=2023-24&TypeGrouping=offensive
,player > playtype > pick & roll roll man,https://stats.nba.com/stats/synergyplaytypes?LeagueID=00&PerMode=PerGame&PlayType=PRRollman&PlayerOrTeam=P&SeasonType=Playoffs&SeasonYear=2023-24&TypeGrouping=offensive
,player > playtype > post up,https://stats.nba.com/stats/synergyplaytypes?LeagueID=00&PerMode=PerGame&PlayType=Postup&PlayerOrTeam=P&SeasonType=Playoffs&SeasonYear=2023-24&TypeGrouping=offensive
,player > playtype > spot up,https://stats.nba.com/stats/synergyplaytypes?LeagueID=00&PerMode=PerGame&PlayType=Spotup&PlayerOrTeam=P&SeasonType=Playoffs&SeasonYear=2023-24&TypeGrouping=offensive
,player > playtype > handoff,https://stats.nba.com/stats/synergyplaytypes?LeagueID=00&PerMode=PerGame&PlayType=Handoff&PlayerOrTeam=P&SeasonType=Playoffs&SeasonYear=2023-24&TypeGrouping=offensive
,player > playtype > cut,https://stats.nba.com/stats/synergyplaytypes?LeagueID=00&PerMode=PerGame&PlayType=Cut&PlayerOrTeam=P&SeasonType=Playoffs&SeasonYear=2023-24&TypeGrouping=offensive
,player > playtype > off screen,https://stats.nba.com/stats/synergyplaytypes?LeagueID=00&PerMode=PerGame&PlayType=OffScreen&PlayerOrTeam=P&SeasonType=Playoffs&SeasonYear=2023-24&TypeGrouping=offensive
,player > playtype > putbacks,https://stats.nba.com/stats/synergyplaytypes?LeagueID=00&PerMode=PerGame&PlayType=OffRebound&PlayerOrTeam=P&SeasonType=Playoffs&SeasonYear=2023-24&TypeGrouping=offensive
,player > playtype > misc,https://stats.nba.com/stats/synergyplaytypes?LeagueID=00&PerMode=PerGame&PlayType=Misc&PlayerOrTeam=P&SeasonType=Playoffs&SeasonYear=2023-24&TypeGrouping=offensive
,player > tracking > drives,https://stats.nba.com/stats/leaguedashptstats?College=&Conference=&Country=&DateFrom=&DateTo=&Division=&DraftPick=&DraftYear=&GameScope=&Height=&ISTRound=&LastNGames=0&LeagueID=00&Location=&Month=0&OpponentTeamID=0&Outcome=&PORound=0&PerMode=PerGame&PlayerExperience=&PlayerOrTeam=Player&PlayerPosition=&PtMeasureType=Drives&Season=2023-24&SeasonSegment=&SeasonType=Playoffs&StarterBench=&TeamID=0&VsConference=&VsDivision=&Weight=
,player > tracking > defensive impact,https://stats.nba.com/stats/leaguedashptstats?College=&Conference=&Country=&DateFrom=&DateTo=&Division=&DraftPick=&DraftYear=&GameScope=&Height=&ISTRound=&LastNGames=0&LeagueID=00&Location=&Month=0&OpponentTeamID=0&Outcome=&PORound=0&PerMode=PerGame&PlayerExperience=&PlayerOrTeam=Player&PlayerPosition=&PtMeasureType=Defense&Season=2023-24&SeasonSegment=&SeasonType=Playoffs&StarterBench=&TeamID=0&VsConference=&VsDivision=&Weight=
,player > tracking > catch & shoot,https://stats.nba.com/stats/leaguedashptstats?College=&Conference=&Country=&DateFrom=&DateTo=&Division=&DraftPick=&DraftYear=&GameScope=&Height=&ISTRound=&LastNGames=0&LeagueID=00&Location=&Month=0&OpponentTeamID=0&Outcome=&PORound=0&PerMode=PerGame&PlayerExperience=&PlayerOrTeam=Player&PlayerPosition=&PtMeasureType=CatchShoot&Season=2023-24&SeasonSegment=&SeasonType=Playoffs&StarterBench=&TeamID=0&VsConference=&VsDivision=&Weight=
,player > tracking > passing,https://stats.nba.com/stats/leaguedashptstats?College=&Conference=&Country=&DateFrom=&DateTo=&Division=&DraftPick=&DraftYear=&GameScope=&Height=&ISTRound=&LastNGames=0&LeagueID=00&Location=&Month=0&OpponentTeamID=0&Outcome=&PORound=0&PerMode=PerGame&PlayerExperience=&PlayerOrTeam=Player&PlayerPosition=&PtMeasureType=Passing&Season=2023-24&SeasonSegment=&SeasonType=Playoffs&StarterBench=&TeamID=0&VsConference=&VsDivision=&Weight=
,player > tracking > touches,https://stats.nba.com/stats/leaguedashptstats?College=&Conference=&Country=&DateFrom=&DateTo=&Division=&DraftPick=&DraftYear=&GameScope=&Height=&ISTRound=&LastNGames=0&LeagueID=00&Location=&Month=0&OpponentTeamID=0&Outcome=&PORound=0&PerMode=PerGame&PlayerExperience=&PlayerOrTeam=Player&PlayerPosition=&PtMeasureType=Possessions&Season=2023-24&SeasonSegment=&SeasonType=Playoffs&StarterBench=&TeamID=0&VsConference=&VsDivision=&Weight=
,player > tracking > pull up shooting,https://stats.nba.com/stats/leaguedashptstats?College=&Conference=&Country=&DateFrom=&DateTo=&Division=&DraftPick=&DraftYear=&GameScope=&Height=&ISTRound=&LastNGames=0&LeagueID=00&Location=&Month=0&OpponentTeamID=0&Outcome=&PORound=0&PerMode=PerGame&PlayerExperience=&PlayerOrTeam=Player&PlayerPosition=&PtMeasureType=PullUpShot&Season=2023-24&SeasonSegment=&SeasonType=Playoffs&StarterBench=&TeamID=0&VsConference=&VsDivision=&Weight=
,player > tracking > rebounding,https://stats.nba.com/stats/leaguedashptstats?College=&Conference=&Country=&DateFrom=&DateTo=&Division=&DraftPick=&DraftYear=&GameScope=&Height=&ISTRound=&LastNGames=0&LeagueID=00&Location=&Month=0&OpponentTeamID=0&Outcome=&PORound=0&PerMode=PerGame&PlayerExperience=&PlayerOrTeam=Player&PlayerPosition=&PtMeasureType=Rebounding&Season=2023-24&SeasonSegment=&SeasonType=Playoffs&StarterBench=&TeamID=0&VsConference=&VsDivision=&Weight=
,player > tracking > offensive rebounding,https://stats.nba.com/stats/leaguedashptstats?College=&Conference=&Country=&DateFrom=&DateTo=&Division=&DraftPick=&DraftYear=&GameScope=&Height=&ISTRound=&LastNGames=0&LeagueID=00&Location=&Month=0&OpponentTeamID=0&Outcome=&PORound=0&PerMode=PerGame&PlayerExperience=&PlayerOrTeam=Player&PlayerPosition=&PtMeasureType=Rebounding&Season=2023-24&SeasonSegment=&SeasonType=Playoffs&StarterBench=&TeamID=0&VsConference=&VsDivision=&Weight=
,player > tracking > defensive rebounding,https://stats.nba.com/stats/leaguedashptstats?College=&Conference=&Country=&DateFrom=&DateTo=&Division=&DraftPick=&DraftYear=&GameScope=&Height=&ISTRound=&LastNGames=0&LeagueID=00&Location=&Month=0&OpponentTeamID=0&Outcome=&PORound=0&PerMode=PerGame&PlayerExperience=&PlayerOrTeam=Player&PlayerPosition=&PtMeasureType=Rebounding&Season=2023-24&SeasonSegment=&SeasonType=Playoffs&StarterBench=&TeamID=0&VsConference=&VsDivision=&Weight=
,player > tracking > shooting efficiency,https://stats.nba.com/stats/leaguedashptstats?College=&Conference=&Country=&DateFrom=&DateTo=&Division=&DraftPick=&DraftYear=&GameScope=&Height=&ISTRound=&LastNGames=0&LeagueID=00&Location=&Month=0&OpponentTeamID=0&Outcome=&PORound=0&PerMode=PerGame&PlayerExperience=&PlayerOrTeam=Player&PlayerPosition=&PtMeasureType=Efficiency&Season=2023-24&SeasonSegment=&SeasonType=Playoffs&StarterBench=&TeamID=0&VsConference=&VsDivision=&Weight=
,player > tracking > speed & distance,https://stats.nba.com/stats/leaguedashptstats?College=&Conference=&Country=&DateFrom=&DateTo=&Division=&DraftPick=&DraftYear=&GameScope=&Height=&ISTRound=&LastNGames=0&LeagueID=00&Location=&Month=0&OpponentTeamID=0&Outcome=&PORound=0&PerMode=PerGame&PlayerExperience=&PlayerOrTeam=Player&PlayerPosition=&PtMeasureType=SpeedDistance&Season=2023-24&SeasonSegment=&SeasonType=Playoffs&StarterBench=&TeamID=0&VsConference=&VsDivision=&Weight=
,player > tracking > elbow touches,https://stats.nba.com/stats/leaguedashptstats?College=&Conference=&Country=&DateFrom=&DateTo=&Division=&DraftPick=&DraftYear=&GameScope=&Height=&ISTRound=&LastNGames=0&LeagueID=00&Location=&Month=0&OpponentTeamID=0&Outcome=&PORound=0&PerMode=PerGame&PlayerExperience=&PlayerOrTeam=Player&PlayerPosition=&PtMeasureType=ElbowTouch&Season=2023-24&SeasonSegment=&SeasonType=Playoffs&StarterBench=&TeamID=0&VsConference=&VsDivision=&Weight=
,player > tracking > post ups,https://stats.nba.com/stats/leaguedashptstats?College=&Conference=&Country=&DateFrom=&DateTo=&Division=&DraftPick=&DraftYear=&GameScope=&Height=&ISTRound=&LastNGames=0&LeagueID=00&Location=&Month=0&OpponentTeamID=0&Outcome=&PORound=0&PerMode=PerGame&PlayerExperience=&PlayerOrTeam=Player&PlayerPosition=&PtMeasureType=PostTouch&Season=2023-24&SeasonSegment=&SeasonType=Playoffs&StarterBench=&TeamID=0&VsConference=&VsDivision=&Weight=
,player > tracking > paint touches,https://stats.nba.com/stats/leaguedashptstats?College=&Conference=&Country=&DateFrom=&DateTo=&Division=&DraftPick=&DraftYear=&GameScope=&Height=&ISTRound=&LastNGames=0&LeagueID=00&Location=&Month=0&OpponentTeamID=0&Outcome=&PORound=0&PerMode=PerGame&PlayerExperience=&PlayerOrTeam=Player&PlayerPosition=&PtMeasureType=PaintTouch&Season=2023-24&SeasonSegment=&SeasonType=Playoffs&StarterBench=&TeamID=0&VsConference=&VsDivision=&Weight=
,player > defense dashboard > overall,https://stats.nba.com/stats/leaguedashptdefend?College=&Conference=&Country=&DateFrom=&DateTo=&DefenseCategory=Overall&Division=&DraftPick=&DraftYear=&GameSegment=&Height=&ISTRound=&LastNGames=0&LeagueID=00&Location=&Month=0&OpponentTeamID=0&Outcome=&PORound=0&PerMode=PerGame&Period=0&PlayerExperience=&PlayerPosition=&Season=2023-24&SeasonSegment=&SeasonType=Playoffs&StarterBench=&TeamID=0&VsConference=&VsDivision=&Weight=
,player > defense dashboard > 3 pointers,https://stats.nba.com/stats/leaguedashptdefend?College=&Conference=&Country=&DateFrom=&DateTo=&DefenseCategory=3%20Pointers&Division=&DraftPick=&DraftYear=&GameSegment=&Height=&LastNGames=0&LeagueID=00&Location=&Month=0&OpponentTeamID=0&Outcome=&PORound=0&PerMode=PerGame&Period=0&PlayerExperience=&PlayerPosition=&Season=2023-24&SeasonSegment=&SeasonType=Playoffs&StarterBench=&TeamID=0&VsConference=&VsDivision=&Weight=
,player > defense dashboard > 2 pointers,https://stats.nba.com/stats/leaguedashptdefend?College=&Conference=&Country=&DateFrom=&DateTo=&DefenseCategory=2%20Pointers&Division=&DraftPick=&DraftYear=&GameSegment=&Height=&LastNGames=0&LeagueID=00&Location=&Month=0&OpponentTeamID=0&Outcome=&PORound=0&PerMode=PerGame&Period=0&PlayerExperience=&PlayerPosition=&Season=2023-24&SeasonSegment=&SeasonType=Playoffs&StarterBench=&TeamID=0&VsConference=&VsDivision=&Weight=
,player > defense dashboard > <6ft.,https://stats.nba.com/stats/leaguedashptdefend?College=&Conference=&Country=&DateFrom=&DateTo=&DefenseCategory=Less%20Than%206Ft&Division=&DraftPick=&DraftYear=&GameSegment=&Height=&LastNGames=0&LeagueID=00&Location=&Month=0&OpponentTeamID=0&Outcome=&PORound=0&PerMode=PerGame&Period=0&PlayerExperience=&PlayerPosition=&Season=2023-24&SeasonSegment=&SeasonType=Playoffs&StarterBench=&TeamID=0&VsConference=&VsDivision=&Weight=
,player > defense dashboard > <10ft.,https://stats.nba.com/stats/leaguedashptdefend?College=&Conference=&Country=&DateFrom=&DateTo=&DefenseCategory=Less%20Than%2010Ft&Division=&DraftPick=&DraftYear=&GameSegment=&Height=&LastNGames=0&LeagueID=00&Location=&Month=0&OpponentTeamID=0&Outcome=&PORound=0&PerMode=PerGame&Period=0&PlayerExperience=&PlayerPosition=&Season=2023-24&SeasonSegment=&SeasonType=Playoffs&StarterBench=&TeamID=0&VsConference=&VsDivision=&Weight=
,player > defense dashboard > >15ft.,https://stats.nba.com/stats/leaguedashptdefend?College=&Conference=&Country=&DateFrom=&DateTo=&DefenseCategory=Greater%20Than%2015Ft&Division=&DraftPick=&DraftYear=&GameSegment=&Height=&LastNGames=0&LeagueID=00&Location=&Month=0&OpponentTeamID=0&Outcome=&PORound=0&PerMode=PerGame&Period=0&PlayerExperience=&PlayerPosition=&Season=2023-24&SeasonSegment=&SeasonType=Playoffs&StarterBench=&TeamID=0&VsConference=&VsDivision=&Weight=
,player > shot dashboard > general,https://stats.nba.com/stats/leaguedashplayerptshot?CloseDefDistRange=&College=&Conference=&Country=&DateFrom=&DateTo=&Division=&DraftPick=&DraftYear=&DribbleRange=&GameScope=&GameSegment=&GeneralRange=Overall&Height=&ISTRound=&LastNGames=0&LeagueID=00&Location=&Month=0&OpponentTeamID=0&Outcome=&PORound=0&PaceAdjust=N&PerMode=PerGame&Period=0&PlayerExperience=&PlayerPosition=&PlusMinus=N&Rank=N&Season=2023-24&SeasonSegment=&SeasonType=Playoffs&ShotClockRange=&ShotDistRange=&StarterBench=&TeamID=0&TouchTimeRange=&VsConference=&VsDivision=&Weight=
,player > shot dashboard > shotclock,https://stats.nba.com/stats/leaguedashplayerptshot?CloseDefDistRange=&College=&Conference=&Country=&DateFrom=&DateTo=&Division=&DraftPick=&DraftYear=&DribbleRange=&GameScope=&GameSegment=&GeneralRange=&Height=&LastNGames=0&LeagueID=00&Location=&Month=0&OpponentTeamID=0&Outcome=&PORound=0&PerMode=PerGame&Period=0&PlayerExperience=&PlayerPosition=&Season=2023-24&SeasonSegment=&SeasonType=Playoffs&ShotClockRange=24-22&ShotDistRange=&StarterBench=&TeamID=0&TouchTimeRange=&VsConference=&VsDivision=&Weight=
,player > shot dashboard > dribbles,https://stats.nba.com/stats/leaguedashplayerptshot?CloseDefDistRange=&College=&Conference=&Country=&DateFrom=&DateTo=&Division=&DraftPick=&DraftYear=&DribbleRange=0%20Dribbles&GameSegment=&GeneralRange=&Height=&LastNGames=0&LeagueID=00&Location=&Month=0&OpponentTeamID=0&Outcome=&PORound=0&PerMode=PerGame&Period=0&PlayerExperience=&PlayerPosition=&Season=2023-24&SeasonSegment=&SeasonType=Playoffs&ShotClockRange=&ShotDistRange=&StarterBench=&TeamID=0&TouchTimeRange=&VsConference=&VsDivision=&Weight=
,player > shot dashboard > touch time,https://stats.nba.com/stats/leaguedashplayerptshot?CloseDefDistRange=&College=&Conference=&Country=&DateFrom=&DateTo=&Division=&DraftPick=&DraftYear=&DribbleRange=&GameScope=&GameSegment=&GeneralRange=&Height=&LastNGames=0&LeagueID=00&Location=&Month=0&OpponentTeamID=0&Outcome=&PORound=0&PerMode=PerGame&Period=0&PlayerExperience=&PlayerPosition=&PlusMinus=N&Rank=N&Season=2023-24&SeasonSegment=&SeasonType=Playoffs&ShotClockRange=&ShotDistRange=&StarterBench=&TeamID=0&TouchTimeRange=Touch%20%3C%202%20Seconds&VsConference=&VsDivision=&Weight=
,player > shot dashboard > closest defender,https://stats.nba.com/stats/leaguedashplayerptshot?CloseDefDistRange=0-2%20Feet%20-%20Very%20Tight&College=&Conference=&Country=&DateFrom=&DateTo=&Division=&DraftPick=&DraftYear=&DribbleRange=&GameScope=&GameSegment=&GeneralRange=&Height=&LastNGames=0&LeagueID=00&Location=&Month=0&OpponentTeamID=0&Outcome=&PORound=0&PerMode=PerGame&Period=0&PlayerExperience=&PlayerPosition=&Season=2023-24&SeasonSegment=&SeasonType=Playoffs&ShotClockRange=&ShotDistRange=&StarterBench=&TeamID=0&TouchTimeRange=&VsConference=&VsDivision=&Weight=
,player > shot dashboard > closest defender +10,https://stats.nba.com/stats/leaguedashplayerptshot?CloseDefDistRange=0-2%20Feet%20-%20Very%20Tight&College=&Conference=&Country=&DateFrom=&DateTo=&Division=&DraftPick=&DraftYear=&DribbleRange=&GameScope=&GameSegment=&GeneralRange=&Height=&LastNGames=0&LeagueID=00&Location=&Month=0&OpponentTeamID=0&Outcome=&PORound=0&PerMode=PerGame&Period=0&PlayerExperience=&PlayerPosition=&Season=2023-24&SeasonSegment=&SeasonType=Playoffs&ShotClockRange=&ShotDistRange=%3E%3D10.0&StarterBench=&TeamID=0&TouchTimeRange=&VsConference=&VsDivision=&Weight=
,player > box scores,https://stats.nba.com/stats/leaguegamelog?Counter=1000&DateFrom=&DateTo=&Direction=DESC&ISTRound=&LeagueID=00&PlayerOrTeam=P&Season=2023-24&SeasonType=Playoffs&Sorter=DATE
,player > advanced box scores > traditional,https://stats.nba.com/stats/playergamelogs?DateFrom=&DateTo=&GameSegment=&ISTRound=&LastNGames=0&LeagueID=00&Location=&MeasureType=Base&Month=0&OpponentTeamID=0&Outcome=&PORound=0&PaceAdjust=N&PerMode=Totals&Period=0&PlusMinus=N&Rank=N&Season=2023-24&SeasonSegment=&SeasonType=Playoffs&ShotClockRange=&VsConference=&VsDivision=
,player > advanced box scores > advanced,https://stats.nba.com/stats/playergamelogs?DateFrom=&DateTo=&GameSegment=&ISTRound=&LastNGames=0&LeagueID=00&Location=&MeasureType=Advanced&Month=0&OpponentTeamID=0&Outcome=&PORound=0&PaceAdjust=N&PerMode=Totals&Period=0&PlusMinus=N&Rank=N&Season=2023-24&SeasonSegment=&SeasonType=Playoffs&ShotClockRange=&VsConference=&VsDivision=
,player > advanced box scores > misc,https://stats.nba.com/stats/playergamelogs?DateFrom=&DateTo=&GameSegment=&ISTRound=&LastNGames=0&LeagueID=00&Location=&MeasureType=Misc&Month=0&OpponentTeamID=0&Outcome=&PORound=0&PaceAdjust=N&PerMode=Totals&Period=0&PlusMinus=N&Rank=N&Season=2023-24&SeasonSegment=&SeasonType=Playoffs&ShotClockRange=&VsConference=&VsDivision=
,player > advanced box scores > scoring,https://stats.nba.com/stats/playergamelogs?DateFrom=&DateTo=&GameSegment=&ISTRound=&LastNGames=0&LeagueID=00&Location=&MeasureType=Scoring&Month=0&OpponentTeamID=0&Outcome=&PORound=0&PaceAdjust=N&PerMode=Totals&Period=0&PlusMinus=N&Rank=N&Season=2023-24&SeasonSegment=&SeasonType=Playoffs&ShotClockRange=&VsConference=&VsDivision=
,player > advanced box scores > usage,https://stats.nba.com/stats/playergamelogs?DateFrom=&DateTo=&GameSegment=&ISTRound=&LastNGames=0&LeagueID=00&Location=&MeasureType=Usage&Month=0&OpponentTeamID=0&Outcome=&PORound=0&PaceAdjust=N&PerMode=Totals&Period=0&PlusMinus=N&Rank=N&Season=2023-24&SeasonSegment=&SeasonType=Playoffs&ShotClockRange=&VsConference=&VsDivision=
,player > shooting,https://stats.nba.com/stats/leaguedashplayershotlocations?College=&Conference=&Country=&DateFrom=&DateTo=&DistanceRange=5ft%20Range&Division=&DraftPick=&DraftYear=&GameScope=&GameSegment=&Height=&ISTRound=&LastNGames=0&Location=&MeasureType=Base&Month=0&OpponentTeamID=0&Outcome=&PORound=0&PaceAdjust=N&PerMode=PerGame&Period=0&PlayerExperience=&PlayerPosition=&PlusMinus=N&Rank=N&Season=2023-24&SeasonSegment=&SeasonType=Playoffs&ShotClockRange=&StarterBench=&TeamID=0&VsConference=&VsDivision=&Weight=
,player > opponent shooting,https://stats.nba.com/stats/leaguedashplayershotlocations?College=&Conference=&Country=&DateFrom=&DateTo=&DistanceRange=5ft%20Range&Division=&DraftPick=&DraftYear=&GameScope=&GameSegment=&Height=&ISTRound=&LastNGames=0&Location=&MeasureType=Opponent&Month=0&OpponentTeamID=0&Outcome=&PORound=0&PaceAdjust=N&PerMode=PerGame&Period=0&PlayerExperience=&PlayerPosition=&PlusMinus=N&Rank=N&Season=2023-24&SeasonSegment=&SeasonType=Playoffs&ShotClockRange=&StarterBench=&TeamID=0&VsConference=&VsDivision=&Weight=
,player > hustle ,https://stats.nba.com/stats/leaguehustlestatsplayer?College=&Conference=&Country=&DateFrom=&DateTo=&Division=&DraftPick=&DraftYear=&GameScope=&Height=&ISTRound=&LastNGames=0&LeagueID=00&Location=&Month=0&OpponentTeamID=0&Outcome=&PORound=0&PaceAdjust=N&PerMode=PerGame&PlayerExperience=&PlayerPosition=&PlusMinus=N&Rank=N&Season=2023-24&SeasonSegment=&SeasonType=Playoffs&TeamID=0&VsConference=&VsDivision=&Weight=
,player > box outs,https://stats.nba.com/stats/leaguehustlestatsplayer?College=&Conference=&Country=&DateFrom=&DateTo=&Division=&DraftPick=&DraftYear=&GameScope=&Height=&ISTRound=&LastNGames=0&LeagueID=00&Location=&Month=0&OpponentTeamID=0&Outcome=&PORound=0&PaceAdjust=N&PerMode=PerGame&PlayerExperience=&PlayerPosition=&PlusMinus=N&Rank=N&Season=2023-24&SeasonSegment=&SeasonType=Playoffs&TeamID=0&VsConference=&VsDivision=&Weight=
,player > all time summary,https://stats.nba.com/stats/alltimeleadersgrids?LeagueID=00&PerMode=Totals&SeasonType=Playoffs&TopX=10
,player > all time leaders,https://stats.nba.com/stats/leagueLeaders?ActiveFlag=No&LeagueID=00&PerMode=Totals&Scope=S&Season=All%20Time&SeasonType=Playoffs&StatCategory=PTS
,player > bios,https://stats.nba.com/stats/leaguedashplayerbiostats?College=&Conference=&Country=&DateFrom=&DateTo=&Division=&DraftPick=&DraftYear=&GameScope=&GameSegment=&Height=&ISTRound=&LastNGames=0&LeagueID=00&Location=&Month=0&OpponentTeamID=0&Outcome=&PORound=0&PerMode=PerGame&Period=0&PlayerExperience=&PlayerPosition=&Season=2023-24&SeasonSegment=&SeasonType=Playoffs&ShotClockRange=&StarterBench=&TeamID=0&VsConference=&VsDivision=&Weight=
,,
,teams > general > traditional,https://stats.nba.com/stats/leaguedashteamstats?Conference=&DateFrom=&DateTo=&Division=&GameScope=&GameSegment=&Height=&ISTRound=&LastNGames=0&LeagueID=00&Location=&MeasureType=Base&Month=0&OpponentTeamID=0&Outcome=&PORound=0&PaceAdjust=N&PerMode=PerGame&Period=0&PlayerExperience=&PlayerPosition=&PlusMinus=N&Rank=N&Season=2023-24&SeasonSegment=&SeasonType=Playoffs&ShotClockRange=&StarterBench=&TeamID=0&TwoWay=0&VsConference=&VsDivision=
,teams > general > advanced,https://stats.nba.com/stats/leaguedashteamstats?Conference=&DateFrom=&DateTo=&Division=&GameScope=&GameSegment=&Height=&ISTRound=&LastNGames=0&LeagueID=00&Location=&MeasureType=Advanced&Month=0&OpponentTeamID=0&Outcome=&PORound=0&PaceAdjust=N&PerMode=PerGame&Period=0&PlayerExperience=&PlayerPosition=&PlusMinus=N&Rank=N&Season=2023-24&SeasonSegment=&SeasonType=Playoffs&ShotClockRange=&StarterBench=&TeamID=0&TwoWay=0&VsConference=&VsDivision=
,teams > general > four factors,https://stats.nba.com/stats/leaguedashteamstats?Conference=&DateFrom=&DateTo=&Division=&GameScope=&GameSegment=&Height=&ISTRound=&LastNGames=0&LeagueID=00&Location=&MeasureType=Four%20Factors&Month=0&OpponentTeamID=0&Outcome=&PORound=0&PaceAdjust=N&PerMode=PerGame&Period=0&PlayerExperience=&PlayerPosition=&PlusMinus=N&Rank=N&Season=2023-24&SeasonSegment=&SeasonType=Playoffs&ShotClockRange=&StarterBench=&TeamID=0&TwoWay=0&VsConference=&VsDivision=
,teams > general > misc,https://stats.nba.com/stats/leaguedashteamstats?Conference=&DateFrom=&DateTo=&Division=&GameScope=&GameSegment=&Height=&ISTRound=&LastNGames=0&LeagueID=00&Location=&MeasureType=Misc&Month=0&OpponentTeamID=0&Outcome=&PORound=0&PaceAdjust=N&PerMode=PerGame&Period=0&PlayerExperience=&PlayerPosition=&PlusMinus=N&Rank=N&Season=2023-24&SeasonSegment=&SeasonType=Playoffs&ShotClockRange=&StarterBench=&TeamID=0&TwoWay=0&VsConference=&VsDivision=
,teams > general > scoring,https://stats.nba.com/stats/leaguedashteamstats?Conference=&DateFrom=&DateTo=&Division=&GameScope=&GameSegment=&Height=&ISTRound=&LastNGames=0&LeagueID=00&Location=&MeasureType=Scoring&Month=0&OpponentTeamID=0&Outcome=&PORound=0&PaceAdjust=N&PerMode=PerGame&Period=0&PlayerExperience=&PlayerPosition=&PlusMinus=N&Rank=N&Season=2023-24&SeasonSegment=&SeasonType=Playoffs&ShotClockRange=&StarterBench=&TeamID=0&TwoWay=0&VsConference=&VsDivision=
,teams > general > opponent,https://stats.nba.com/stats/leaguedashteamstats?Conference=&DateFrom=&DateTo=&Division=&GameScope=&GameSegment=&Height=&ISTRound=&LastNGames=0&LeagueID=00&Location=&MeasureType=Opponent&Month=0&OpponentTeamID=0&Outcome=&PORound=0&PaceAdjust=N&PerMode=PerGame&Period=0&PlayerExperience=&PlayerPosition=&PlusMinus=N&Rank=N&Season=2023-24&SeasonSegment=&SeasonType=Playoffs&ShotClockRange=&StarterBench=&TeamID=0&TwoWay=0&VsConference=&VsDivision=
,teams > general > defense,https://stats.nba.com/stats/leaguedashteamstats?Conference=&DateFrom=&DateTo=&Division=&GameScope=&GameSegment=&Height=&ISTRound=&LastNGames=0&LeagueID=00&Location=&MeasureType=Defense&Month=0&OpponentTeamID=0&Outcome=&PORound=0&PaceAdjust=N&PerMode=PerGame&Period=0&PlayerExperience=&PlayerPosition=&PlusMinus=N&Rank=N&Season=2023-24&SeasonSegment=&SeasonType=Playoffs&ShotClockRange=&StarterBench=&TeamID=0&TwoWay=0&VsConference=&VsDivision=
,teams > general > violations,https://stats.nba.com/stats/leaguedashteamstats?Conference=&DateFrom=&DateTo=&Division=&GameScope=&GameSegment=&Height=&ISTRound=&LastNGames=0&LeagueID=00&Location=&MeasureType=Violations&Month=0&OpponentTeamID=0&Outcome=&PORound=0&PaceAdjust=N&PerMode=Totals&Period=0&PlayerExperience=&PlayerPosition=&PlusMinus=N&Rank=N&Season=2023-24&SeasonSegment=&SeasonType=Playoffs&ShotClockRange=&StarterBench=&TeamID=0&TwoWay=0&VsConference=&VsDivision=
,teams > general > estimated advanced,https://stats.nba.com/stats/teamestimatedmetrics?LeagueID=00&Season=2023-24&SeasonType=Playoffs
,teams > clutch > traditional,https://stats.nba.com/stats/leaguedashteamclutch?AheadBehind=Ahead%20or%20Behind&ClutchTime=Last%205%20Minutes&College=&Conference=&Country=&DateFrom=&DateTo=&Division=&DraftPick=&DraftYear=&GameScope=&GameSegment=&Height=&ISTRound=&LastNGames=0&LeagueID=00&Location=&MeasureType=Base&Month=0&OpponentTeamID=0&Outcome=&PORound=0&PaceAdjust=N&PerMode=PerGame&Period=0&PlayerExperience=&PlayerPosition=&PlusMinus=N&PointDiff=5&Rank=N&Season=2023-24&SeasonSegment=&SeasonType=Playoffs&ShotClockRange=&StarterBench=&TeamID=0&VsConference=&VsDivision=&Weight=
,teams > clutch > advanced,https://stats.nba.com/stats/leaguedashteamclutch?AheadBehind=Ahead%20or%20Behind&ClutchTime=Last%205%20Minutes&College=&Conference=&Country=&DateFrom=&DateTo=&Division=&DraftPick=&DraftYear=&GameScope=&GameSegment=&Height=&ISTRound=&LastNGames=0&LeagueID=00&Location=&MeasureType=Advanced&Month=0&OpponentTeamID=0&Outcome=&PORound=0&PaceAdjust=N&PerMode=PerGame&Period=0&PlayerExperience=&PlayerPosition=&PlusMinus=N&PointDiff=5&Rank=N&Season=2023-24&SeasonSegment=&SeasonType=Playoffs&ShotClockRange=&StarterBench=&TeamID=0&VsConference=&VsDivision=&Weight=
,teams > clutch > four factors,https://stats.nba.com/stats/leaguedashteamclutch?AheadBehind=Ahead%20or%20Behind&ClutchTime=Last%205%20Minutes&College=&Conference=&Country=&DateFrom=&DateTo=&Division=&DraftPick=&DraftYear=&GameScope=&GameSegment=&Height=&ISTRound=&LastNGames=0&LeagueID=00&Location=&MeasureType=Four%20Factors&Month=0&OpponentTeamID=0&Outcome=&PORound=0&PaceAdjust=N&PerMode=PerGame&Period=0&PlayerExperience=&PlayerPosition=&PlusMinus=N&PointDiff=5&Rank=N&Season=2023-24&SeasonSegment=&SeasonType=Playoffs&ShotClockRange=&StarterBench=&TeamID=0&VsConference=&VsDivision=&Weight=
,teams > clutch > misc,https://stats.nba.com/stats/leaguedashteamclutch?AheadBehind=Ahead%20or%20Behind&ClutchTime=Last%205%20Minutes&College=&Conference=&Country=&DateFrom=&DateTo=&Division=&DraftPick=&DraftYear=&GameScope=&GameSegment=&Height=&ISTRound=&LastNGames=0&LeagueID=00&Location=&MeasureType=Misc&Month=0&OpponentTeamID=0&Outcome=&PORound=0&PaceAdjust=N&PerMode=PerGame&Period=0&PlayerExperience=&PlayerPosition=&PlusMinus=N&PointDiff=5&Rank=N&Season=2023-24&SeasonSegment=&SeasonType=Playoffs&ShotClockRange=&StarterBench=&TeamID=0&VsConference=&VsDivision=&Weight=
,teams > clutch > scoring,https://stats.nba.com/stats/leaguedashteamclutch?AheadBehind=Ahead%20or%20Behind&ClutchTime=Last%205%20Minutes&College=&Conference=&Country=&DateFrom=&DateTo=&Division=&DraftPick=&DraftYear=&GameScope=&GameSegment=&Height=&ISTRound=&LastNGames=0&LeagueID=00&Location=&MeasureType=Scoring&Month=0&OpponentTeamID=0&Outcome=&PORound=0&PaceAdjust=N&PerMode=PerGame&Period=0&PlayerExperience=&PlayerPosition=&PlusMinus=N&PointDiff=5&Rank=N&Season=2023-24&SeasonSegment=&SeasonType=Playoffs&ShotClockRange=&StarterBench=&TeamID=0&VsConference=&VsDivision=&Weight=
,teams > clutch > opponent,https://stats.nba.com/stats/leaguedashteamclutch?AheadBehind=Ahead%20or%20Behind&ClutchTime=Last%205%20Minutes&College=&Conference=&Country=&DateFrom=&DateTo=&Division=&DraftPick=&DraftYear=&GameScope=&GameSegment=&Height=&ISTRound=&LastNGames=0&LeagueID=00&Location=&MeasureType=Opponent&Month=0&OpponentTeamID=0&Outcome=&PORound=0&PaceAdjust=N&PerMode=PerGame&Period=0&PlayerExperience=&PlayerPosition=&PlusMinus=N&PointDiff=5&Rank=N&Season=2023-24&SeasonSegment=&SeasonType=Playoffs&ShotClockRange=&StarterBench=&TeamID=0&VsConference=&VsDivision=&Weight=
,teams > playtype > isolation,https://stats.nba.com/stats/synergyplaytypes?LeagueID=00&PerMode=PerGame&PlayType=Isolation&PlayerOrTeam=T&SeasonType=Playoffs&SeasonYear=2023-24&TypeGrouping=offensive
,teams > playtype > transition,https://stats.nba.com/stats/synergyplaytypes?LeagueID=00&PerMode=PerGame&PlayType=Transition&PlayerOrTeam=T&SeasonType=Playoffs&SeasonYear=2023-24&TypeGrouping=offensive
,teams > playtype > pick & roll ball handler,https://stats.nba.com/stats/synergyplaytypes?LeagueID=00&PerMode=PerGame&PlayType=PRBallHandler&PlayerOrTeam=T&SeasonType=Playoffs&SeasonYear=2023-24&TypeGrouping=offensive
,teams > playtype > pick & roll roll man,https://stats.nba.com/stats/synergyplaytypes?LeagueID=00&PerMode=PerGame&PlayType=PRRollman&PlayerOrTeam=T&SeasonType=Playoffs&SeasonYear=2023-24&TypeGrouping=offensive
,teams > playtype > post up,https://stats.nba.com/stats/synergyplaytypes?LeagueID=00&PerMode=PerGame&PlayType=Postup&PlayerOrTeam=T&SeasonType=Playoffs&SeasonYear=2023-24&TypeGrouping=offensive
,teams > playtype > spot up,https://stats.nba.com/stats/synergyplaytypes?LeagueID=00&PerMode=PerGame&PlayType=Spotup&PlayerOrTeam=T&SeasonType=Playoffs&SeasonYear=2023-24&TypeGrouping=offensive
,teams > playtype > handoff,https://stats.nba.com/stats/synergyplaytypes?LeagueID=00&PerMode=PerGame&PlayType=Handoff&PlayerOrTeam=T&SeasonType=Playoffs&SeasonYear=2023-24&TypeGrouping=offensive
,teams > playtype > cut,https://stats.nba.com/stats/synergyplaytypes?LeagueID=00&PerMode=PerGame&PlayType=Cut&PlayerOrTeam=T&SeasonType=Playoffs&SeasonYear=2023-24&TypeGrouping=offensive
,teams > playtype > off screen,https://stats.nba.com/stats/synergyplaytypes?LeagueID=00&PerMode=PerGame&PlayType=OffScreen&PlayerOrTeam=T&SeasonType=Playoffs&SeasonYear=2023-24&TypeGrouping=offensive
,teams > playtype > putbacks,https://stats.nba.com/stats/synergyplaytypes?LeagueID=00&PerMode=PerGame&PlayType=OffRebound&PlayerOrTeam=T&SeasonType=Playoffs&SeasonYear=2023-24&TypeGrouping=offensive
,teams > playtype > misc,https://stats.nba.com/stats/synergyplaytypes?LeagueID=00&PerMode=PerGame&PlayType=Misc&PlayerOrTeam=T&SeasonType=Playoffs&SeasonYear=2023-24&TypeGrouping=offensive
,teams > tracking > drives,https://stats.nba.com/stats/leaguedashptstats?College=&Conference=&Country=&DateFrom=&DateTo=&Division=&DraftPick=&DraftYear=&GameScope=&Height=&ISTRound=&LastNGames=0&LeagueID=00&Location=&Month=0&OpponentTeamID=0&Outcome=&PORound=0&PerMode=PerGame&PlayerExperience=&PlayerOrTeam=Team&PlayerPosition=&PtMeasureType=Drives&Season=2023-24&SeasonSegment=&SeasonType=Playoffs&StarterBench=&TeamID=0&VsConference=&VsDivision=&Weight=
,teams > tracking > defensive impact,https://stats.nba.com/stats/leaguedashptstats?College=&Conference=&Country=&DateFrom=&DateTo=&Division=&DraftPick=&DraftYear=&GameScope=&Height=&ISTRound=&LastNGames=0&LeagueID=00&Location=&Month=0&OpponentTeamID=0&Outcome=&PORound=0&PerMode=PerGame&PlayerExperience=&PlayerOrTeam=Team&PlayerPosition=&PtMeasureType=Defense&Season=2023-24&SeasonSegment=&SeasonType=Playoffs&StarterBench=&TeamID=0&VsConference=&VsDivision=&Weight=
,teams > tracking > catch & shoot,https://stats.nba.com/stats/leaguedashptstats?College=&Conference=&Country=&DateFrom=&DateTo=&Division=&DraftPick=&DraftYear=&GameScope=&Height=&ISTRound=&LastNGames=0&LeagueID=00&Location=&Month=0&OpponentTeamID=0&Outcome=&PORound=0&PerMode=PerGame&PlayerExperience=&PlayerOrTeam=Team&PlayerPosition=&PtMeasureType=CatchShoot&Season=2023-24&SeasonSegment=&SeasonType=Playoffs&StarterBench=&TeamID=0&VsConference=&VsDivision=&Weight=
,teams > tracking > passing,https://stats.nba.com/stats/leaguedashptstats?College=&Conference=&Country=&DateFrom=&DateTo=&Division=&DraftPick=&DraftYear=&GameScope=&Height=&ISTRound=&LastNGames=0&LeagueID=00&Location=&Month=0&OpponentTeamID=0&Outcome=&PORound=0&PerMode=PerGame&PlayerExperience=&PlayerOrTeam=Team&PlayerPosition=&PtMeasureType=Passing&Season=2023-24&SeasonSegment=&SeasonType=Playoffs&StarterBench=&TeamID=0&VsConference=&VsDivision=&Weight=
,teams > tracking > touches,https://stats.nba.com/stats/leaguedashptstats?College=&Conference=&Country=&DateFrom=&DateTo=&Division=&DraftPick=&DraftYear=&GameScope=&Height=&ISTRound=&LastNGames=0&LeagueID=00&Location=&Month=0&OpponentTeamID=0&Outcome=&PORound=0&PerMode=PerGame&PlayerExperience=&PlayerOrTeam=Team&PlayerPosition=&PtMeasureType=Possessions&Season=2023-24&SeasonSegment=&SeasonType=Playoffs&StarterBench=&TeamID=0&VsConference=&VsDivision=&Weight=
,teams > tracking > pull up shooting,https://stats.nba.com/stats/leaguedashptstats?College=&Conference=&Country=&DateFrom=&DateTo=&Division=&DraftPick=&DraftYear=&GameScope=&Height=&ISTRound=&LastNGames=0&LeagueID=00&Location=&Month=0&OpponentTeamID=0&Outcome=&PORound=0&PerMode=PerGame&PlayerExperience=&PlayerOrTeam=Team&PlayerPosition=&PtMeasureType=PullUpShot&Season=2023-24&SeasonSegment=&SeasonType=Playoffs&StarterBench=&TeamID=0&VsConference=&VsDivision=&Weight=
,teams > tracking > rebounding,https://stats.nba.com/stats/leaguedashptstats?College=&Conference=&Country=&DateFrom=&DateTo=&Division=&DraftPick=&DraftYear=&GameScope=&Height=&ISTRound=&LastNGames=0&LeagueID=00&Location=&Month=0&OpponentTeamID=0&Outcome=&PORound=0&PerMode=PerGame&PlayerExperience=&PlayerOrTeam=Team&PlayerPosition=&PtMeasureType=Rebounding&Season=2023-24&SeasonSegment=&SeasonType=Playoffs&StarterBench=&TeamID=0&VsConference=&VsDivision=&Weight=
,teams > tracking > offensive rebounding,https://stats.nba.com/stats/leaguedashptstats?College=&Conference=&Country=&DateFrom=&DateTo=&Division=&DraftPick=&DraftYear=&GameScope=&Height=&ISTRound=&LastNGames=0&LeagueID=00&Location=&Month=0&OpponentTeamID=0&Outcome=&PORound=0&PerMode=PerGame&PlayerExperience=&PlayerOrTeam=Team&PlayerPosition=&PtMeasureType=Rebounding&Season=2023-24&SeasonSegment=&SeasonType=Playoffs&StarterBench=&TeamID=0&VsConference=&VsDivision=&Weight=
,teams > tracking > defensive rebounding,https://stats.nba.com/stats/leaguedashptstats?College=&Conference=&Country=&DateFrom=&DateTo=&Division=&DraftPick=&DraftYear=&GameScope=&Height=&ISTRound=&LastNGames=0&LeagueID=00&Location=&Month=0&OpponentTeamID=0&Outcome=&PORound=0&PerMode=PerGame&PlayerExperience=&PlayerOrTeam=Team&PlayerPosition=&PtMeasureType=Rebounding&Season=2023-24&SeasonSegment=&SeasonType=Playoffs&StarterBench=&TeamID=0&VsConference=&VsDivision=&Weight=
,teams > tracking > shooting efficiency,https://stats.nba.com/stats/leaguedashptstats?College=&Conference=&Country=&DateFrom=&DateTo=&Division=&DraftPick=&DraftYear=&GameScope=&Height=&ISTRound=&LastNGames=0&LeagueID=00&Location=&Month=0&OpponentTeamID=0&Outcome=&PORound=0&PerMode=PerGame&PlayerExperience=&PlayerOrTeam=Team&PlayerPosition=&PtMeasureType=Efficiency&Season=2023-24&SeasonSegment=&SeasonType=Playoffs&StarterBench=&TeamID=0&VsConference=&VsDivision=&Weight=
,teams > tracking > speed & distance,https://stats.nba.com/stats/leaguedashptstats?College=&Conference=&Country=&DateFrom=&DateTo=&Division=&DraftPick=&DraftYear=&GameScope=&Height=&ISTRound=&LastNGames=0&LeagueID=00&Location=&Month=0&OpponentTeamID=0&Outcome=&PORound=0&PerMode=PerGame&PlayerExperience=&PlayerOrTeam=Team&PlayerPosition=&PtMeasureType=SpeedDistance&Season=2023-24&SeasonSegment=&SeasonType=Playoffs&StarterBench=&TeamID=0&VsConference=&VsDivision=&Weight=
,teams > tracking > elbow touches,https://stats.nba.com/stats/leaguedashptstats?College=&Conference=&Country=&DateFrom=&DateTo=&Division=&DraftPick=&DraftYear=&GameScope=&Height=&ISTRound=&LastNGames=0&LeagueID=00&Location=&Month=0&OpponentTeamID=0&Outcome=&PORound=0&PerMode=PerGame&PlayerExperience=&PlayerOrTeam=Team&PlayerPosition=&PtMeasureType=ElbowTouch&Season=2023-24&SeasonSegment=&SeasonType=Playoffs&StarterBench=&TeamID=0&VsConference=&VsDivision=&Weight=
,teams > tracking > post ups,https://stats.nba.com/stats/leaguedashptstats?College=&Conference=&Country=&DateFrom=&DateTo=&Division=&DraftPick=&DraftYear=&GameScope=&Height=&ISTRound=&LastNGames=0&LeagueID=00&Location=&Month=0&OpponentTeamID=0&Outcome=&PORound=0&PerMode=PerGame&PlayerExperience=&PlayerOrTeam=Team&PlayerPosition=&PtMeasureType=PostTouch&Season=2023-24&SeasonSegment=&SeasonType=Playoffs&StarterBench=&TeamID=0&VsConference=&VsDivision=&Weight=
,teams > tracking > paint touches,https://stats.nba.com/stats/leaguedashptstats?College=&Conference=&Country=&DateFrom=&DateTo=&Division=&DraftPick=&DraftYear=&GameScope=&Height=&ISTRound=&LastNGames=0&LeagueID=00&Location=&Month=0&OpponentTeamID=0&Outcome=&PORound=0&PerMode=PerGame&PlayerExperience=&PlayerOrTeam=Team&PlayerPosition=&PtMeasureType=PaintTouch&Season=2023-24&SeasonSegment=&SeasonType=Playoffs&StarterBench=&TeamID=0&VsConference=&VsDivision=&Weight=
,teams > defense dashboard > overall,https://stats.nba.com/stats/leaguedashptteamdefend?Conference=&DateFrom=&DateTo=&DefenseCategory=Overall&Division=&GameSegment=&ISTRound=&LastNGames=0&LeagueID=00&Location=&Month=0&OpponentTeamID=0&Outcome=&PORound=0&PerMode=PerGame&Period=0&Season=2023-24&SeasonSegment=&SeasonType=Playoffs&TeamID=0&VsConference=&VsDivision=
,teams > defense dashboard > 3 pointers,https://stats.nba.com/stats/leaguedashptteamdefend?Conference=&DateFrom=&DateTo=&DefenseCategory=3%20Pointers&Division=&GameSegment=&LastNGames=0&LeagueID=00&Location=&Month=0&OpponentTeamID=0&Outcome=&PORound=0&PerMode=PerGame&Period=0&Season=2023-24&SeasonSegment=&SeasonType=Playoffs&TeamID=0&VsConference=&VsDivision=
,teams > defense dashboard > 2 pointers,https://stats.nba.com/stats/leaguedashptteamdefend?Conference=&DateFrom=&DateTo=&DefenseCategory=2%20Pointers&Division=&GameSegment=&LastNGames=0&LeagueID=00&Location=&Month=0&OpponentTeamID=0&Outcome=&PORound=0&PerMode=PerGame&Period=0&Season=2023-24&SeasonSegment=&SeasonType=Playoffs&TeamID=0&VsConference=&VsDivision=
,teams > defense dashboard > <6ft.,https://stats.nba.com/stats/leaguedashptteamdefend?Conference=&DateFrom=&DateTo=&DefenseCategory=Less%20Than%206Ft&Division=&GameSegment=&LastNGames=0&LeagueID=00&Location=&Month=0&OpponentTeamID=0&Outcome=&PORound=0&PerMode=PerGame&Period=0&Season=2023-24&SeasonSegment=&SeasonType=Playoffs&TeamID=0&VsConference=&VsDivision=
,teams > defense dashboard > <10ft.,https://stats.nba.com/stats/leaguedashptteamdefend?Conference=&DateFrom=&DateTo=&DefenseCategory=Less%20Than%2010Ft&Division=&GameSegment=&LastNGames=0&LeagueID=00&Location=&Month=0&OpponentTeamID=0&Outcome=&PORound=0&PerMode=PerGame&Period=0&Season=2023-24&SeasonSegment=&SeasonType=Playoffs&TeamID=0&VsConference=&VsDivision=
,teams > defense dashboard > >15ft.,https://stats.nba.com/stats/leaguedashptteamdefend?Conference=&DateFrom=&DateTo=&DefenseCategory=Greater%20Than%2015Ft&Division=&GameSegment=&LastNGames=0&LeagueID=00&Location=&Month=0&OpponentTeamID=0&Outcome=&PORound=0&PerMode=PerGame&Period=0&Season=2023-24&SeasonSegment=&SeasonType=Playoffs&TeamID=0&VsConference=&VsDivision=
,teams > shot dashboard > general,https://stats.nba.com/stats/leaguedashteamptshot?CloseDefDistRange=&College=&Conference=&Country=&DateFrom=&DateTo=&Division=&DraftPick=&DraftYear=&DribbleRange=&GameScope=&GameSegment=&GeneralRange=Overall&Height=&ISTRound=&LastNGames=0&LeagueID=00&Location=&Month=0&OpponentTeamID=0&Outcome=&PORound=0&PaceAdjust=N&PerMode=PerGame&Period=0&PlayerExperience=&PlayerPosition=&PlusMinus=N&Rank=N&Season=2023-24&SeasonSegment=&SeasonType=Playoffs&ShotClockRange=&ShotDistRange=&StarterBench=&TeamID=0&TouchTimeRange=&VsConference=&VsDivision=&Weight=
,teams > shot dashboard > shotclock,https://stats.nba.com/stats/leaguedashteamptshot?CloseDefDistRange=&College=&Conference=&Country=&DateFrom=&DateTo=&Division=&DraftPick=&DraftYear=&DribbleRange=&GameScope=&GameSegment=&GeneralRange=&Height=&ISTRound=&LastNGames=0&LeagueID=00&Location=&Month=0&OpponentTeamID=0&Outcome=&PORound=0&PaceAdjust=N&PerMode=PerGame&Period=0&PlayerExperience=&PlayerPosition=&PlusMinus=N&Rank=N&Season=2023-24&SeasonSegment=&SeasonType=Playoffs&ShotClockRange=24-22&ShotDistRange=&StarterBench=&TeamID=0&TouchTimeRange=&VsConference=&VsDivision=&Weight=
,teams > shot dashboard > dribbles,https://stats.nba.com/stats/leaguedashteamptshot?CloseDefDistRange=&College=&Conference=&Country=&DateFrom=&DateTo=&Division=&DraftPick=&DraftYear=&DribbleRange=0%20Dribbles&GameScope=&GameSegment=&GeneralRange=&Height=&ISTRound=&LastNGames=0&LeagueID=00&Location=&Month=0&OpponentTeamID=0&Outcome=&PORound=0&PaceAdjust=N&PerMode=PerGame&Period=0&PlayerExperience=&PlayerPosition=&PlusMinus=N&Rank=N&Season=2023-24&SeasonSegment=&SeasonType=Playoffs&ShotClockRange=&ShotDistRange=&StarterBench=&TeamID=0&TouchTimeRange=&VsConference=&VsDivision=&Weight=
,teams > shot dashboard > touch time,https://stats.nba.com/stats/leaguedashteamptshot?CloseDefDistRange=&College=&Conference=&Country=&DateFrom=&DateTo=&Division=&DraftPick=&DraftYear=&DribbleRange=&GameScope=&GameSegment=&GeneralRange=&Height=&ISTRound=&LastNGames=0&LeagueID=00&Location=&Month=0&OpponentTeamID=0&Outcome=&PORound=0&PaceAdjust=N&PerMode=PerGame&Period=0&PlayerExperience=&PlayerPosition=&PlusMinus=N&Rank=N&Season=2023-24&SeasonSegment=&SeasonType=Playoffs&ShotClockRange=&ShotDistRange=&StarterBench=&TeamID=0&TouchTimeRange=Touch%20%3C%202%20Seconds&VsConference=&VsDivision=&Weight=
,teams > shot dashboard > closest defender,https://stats.nba.com/stats/leaguedashteamptshot?CloseDefDistRange=0-2%20Feet%20-%20Very%20Tight&College=&Conference=&Country=&DateFrom=&DateTo=&Division=&DraftPick=&DraftYear=&DribbleRange=&GameScope=&GameSegment=&GeneralRange=&Height=&ISTRound=&LastNGames=0&LeagueID=00&Location=&Month=0&OpponentTeamID=0&Outcome=&PORound=0&PaceAdjust=N&PerMode=PerGame&Period=0&PlayerExperience=&PlayerPosition=&PlusMinus=N&Rank=N&Season=2023-24&SeasonSegment=&SeasonType=Playoffs&ShotClockRange=&ShotDistRange=&StarterBench=&TeamID=0&TouchTimeRange=&VsConference=&VsDivision=&Weight=
,teams > shot dashboard > closest defender +10,https://stats.nba.com/stats/leaguedashteamptshot?CloseDefDistRange=0-2%20Feet%20-%20Very%20Tight&College=&Conference=&Country=&DateFrom=&DateTo=&Division=&DraftPick=&DraftYear=&DribbleRange=&GameScope=&GameSegment=&GeneralRange=&Height=&ISTRound=&LastNGames=0&LeagueID=00&Location=&Month=0&OpponentTeamID=0&Outcome=&PORound=0&PaceAdjust=N&PerMode=PerGame&Period=0&PlayerExperience=&PlayerPosition=&PlusMinus=N&Rank=N&Season=2023-24&SeasonSegment=&SeasonType=Playoffs&ShotClockRange=&ShotDistRange=%3E%3D10.0&StarterBench=&TeamID=0&TouchTimeRange=&VsConference=&VsDivision=&Weight=
,teams > box scores,https://stats.nba.com/stats/leaguegamelog?Counter=1000&DateFrom=&DateTo=&Direction=DESC&ISTRound=&LeagueID=00&PlayerOrTeam=T&Season=2023-24&SeasonType=Playoffs&Sorter=DATE
,teams > advanced box scores > traditional,https://stats.nba.com/stats/teamgamelogs?DateFrom=&DateTo=&GameSegment=&ISTRound=&LastNGames=0&LeagueID=00&Location=&MeasureType=Base&Month=0&OpponentTeamID=0&Outcome=&PORound=0&PaceAdjust=N&PerMode=Totals&Period=0&PlusMinus=N&Rank=N&Season=2023-24&SeasonSegment=&SeasonType=Playoffs&ShotClockRange=&VsConference=&VsDivision=
,teams > advanced box scores > advanced,https://stats.nba.com/stats/teamgamelogs?DateFrom=&DateTo=&GameSegment=&ISTRound=&LastNGames=0&LeagueID=00&Location=&MeasureType=Advanced&Month=0&OpponentTeamID=0&Outcome=&PORound=0&PaceAdjust=N&PerMode=Totals&Period=0&PlusMinus=N&Rank=N&Season=2023-24&SeasonSegment=&SeasonType=Playoffs&ShotClockRange=&VsConference=&VsDivision=
,teams > advanced box scores > four factors,https://stats.nba.com/stats/teamgamelogs?DateFrom=&DateTo=&GameSegment=&ISTRound=&LastNGames=0&LeagueID=00&Location=&MeasureType=Four%20Factors&Month=0&OpponentTeamID=0&Outcome=&PORound=0&PaceAdjust=N&PerMode=Totals&Period=0&PlusMinus=N&Rank=N&Season=2023-24&SeasonSegment=&SeasonType=Playoffs&ShotClockRange=&VsConference=&VsDivision=
,teams > advanced box scores > misc,https://stats.nba.com/stats/teamgamelogs?DateFrom=&DateTo=&GameSegment=&ISTRound=&LastNGames=0&LeagueID=00&Location=&MeasureType=Misc&Month=0&OpponentTeamID=0&Outcome=&PORound=0&PaceAdjust=N&PerMode=Totals&Period=0&PlusMinus=N&Rank=N&Season=2023-24&SeasonSegment=&SeasonType=Playoffs&ShotClockRange=&VsConference=&VsDivision=
,teams > advanced box scores > scoring,https://stats.nba.com/stats/teamgamelogs?DateFrom=&DateTo=&GameSegment=&ISTRound=&LastNGames=0&LeagueID=00&Location=&MeasureType=Scoring&Month=0&OpponentTeamID=0&Outcome=&PORound=0&PaceAdjust=N&PerMode=Totals&Period=0&PlusMinus=N&Rank=N&Season=2023-24&SeasonSegment=&SeasonType=Playoffs&ShotClockRange=&VsConference=&VsDivision=
,teams > shooting,https://stats.nba.com/stats/leaguedashteamshotlocations?Conference=&DateFrom=&DateTo=&DistanceRange=5ft%20Range&Division=&GameScope=&GameSegment=&ISTRound=&LastNGames=0&Location=&MeasureType=Base&Month=0&OpponentTeamID=0&Outcome=&PORound=0&PaceAdjust=N&PerMode=PerGame&Period=0&PlayerExperience=&PlayerPosition=&PlusMinus=N&Rank=N&Season=2023-24&SeasonSegment=&SeasonType=Playoffs&ShotClockRange=&StarterBench=&TeamID=0&VsConference=&VsDivision=
,teams > opponent shooting > overall opponent shooting,https://stats.nba.com/stats/leaguedashteamshotlocations?Conference=&DateFrom=&DateTo=&DistanceRange=5ft%20Range&Division=&GameScope=&GameSegment=&ISTRound=&LastNGames=0&Location=&MeasureType=Opponent&Month=0&OpponentTeamID=0&Outcome=&PORound=0&PaceAdjust=N&PerMode=PerGame&Period=0&PlayerExperience=&PlayerPosition=&PlusMinus=N&Rank=N&Season=2023-24&SeasonSegment=&SeasonType=Playoffs&ShotClockRange=&StarterBench=&TeamID=0&VsConference=&VsDivision=
,teams > opponent shooting > general,https://stats.nba.com/stats/leaguedashoppptshot?Conference=&DateFrom=&DateTo=&Division=&GameSegment=&GeneralRange=Overall&LastNGames=0&LeagueID=00&Location=&Month=0&OpponentTeamID=0&Outcome=&PORound=0&PerMode=PerGame&Period=0&PlayerExperience=&PlayerPosition=&Season=2023-24&SeasonSegment=&SeasonType=Playoffs&TeamID=0&VsConference=&VsDivision=
,teams > opponent shooting > shotclock,https://stats.nba.com/stats/leaguedashoppptshot?Conference=&DateFrom=&DateTo=&Division=&GameSegment=&LastNGames=0&LeagueID=00&Location=&Month=0&OpponentTeamID=0&Outcome=&PORound=0&PerMode=PerGame&Period=0&PlayerExperience=&PlayerPosition=&Season=2023-24&SeasonSegment=&SeasonType=Playoffs&ShotClockRange=24-22&TeamID=0&VsConference=&VsDivision=
,teams > opponent shooting > dribbles,https://stats.nba.com/stats/leaguedashoppptshot?Conference=&DateFrom=&DateTo=&Division=&DribbleRange=0%20Dribbles&GameSegment=&LastNGames=0&LeagueID=00&Location=&Month=0&OpponentTeamID=0&Outcome=&PORound=0&PerMode=PerGame&Period=0&PlayerExperience=&PlayerPosition=&Season=2023-24&SeasonSegment=&SeasonType=Playoffs&TeamID=0&VsConference=&VsDivision=
,teams > opponent shooting > touch time,https://stats.nba.com/stats/leaguedashoppptshot?Conference=&DateFrom=&DateTo=&Division=&GameSegment=&LastNGames=0&LeagueID=00&Location=&Month=0&OpponentTeamID=0&Outcome=&PORound=0&PerMode=PerGame&Period=0&PlayerExperience=&PlayerPosition=&Season=2023-24&SeasonSegment=&SeasonType=Playoffs&TeamID=0&TouchTimeRange=Touch%20%3C%202%20Seconds&VsConference=&VsDivision=
,teams > opponent shooting > closest defender,https://stats.nba.com/stats/leaguedashoppptshot?CloseDefDistRange=0-2%20Feet%20-%20Very%20Tight&Conference=&DateFrom=&DateTo=&Division=&GameSegment=&LastNGames=0&LeagueID=00&Location=&Month=0&OpponentTeamID=0&Outcome=&PORound=0&PerMode=PerGame&Period=0&PlayerExperience=&PlayerPosition=&Season=2023-24&SeasonSegment=&SeasonType=Playoffs&TeamID=0&VsConference=&VsDivision=
,teams > opponent shooting > closest defender +10,https://stats.nba.com/stats/leaguedashoppptshot?CloseDefDistRange=0-2%20Feet%20-%20Very%20Tight&Conference=&DateFrom=&DateTo=&Division=&GameSegment=&LastNGames=0&LeagueID=00&Location=&Month=0&OpponentTeamID=0&Outcome=&PORound=0&PerMode=PerGame&Period=0&PlayerExperience=&PlayerPosition=&Season=2023-24&SeasonSegment=&SeasonType=Playoffs&ShotDistRange=%3E%3D10.0&TeamID=0&VsConference=&VsDivision=
,teams > hustle ,https://stats.nba.com/stats/leaguehustlestatsteam?College=&Conference=&Country=&DateFrom=&DateTo=&Division=&DraftPick=&DraftYear=&GameScope=&Height=&ISTRound=&LastNGames=0&LeagueID=00&Location=&Month=0&OpponentTeamID=0&Outcome=&PORound=0&PaceAdjust=N&PerMode=PerGame&PlayerExperience=&PlayerPosition=&PlusMinus=N&Rank=N&Season=2023-24&SeasonSegment=&SeasonType=Playoffs&ShotClockRange=&TeamID=0&VsConference=&VsDivision=&Weight=
,teams > box outs,https://stats.nba.com/stats/leaguehustlestatsteam?College=&Conference=&Country=&DateFrom=&DateTo=&Division=&DraftPick=&DraftYear=&GameScope=&Height=&ISTRound=&LastNGames=0&LeagueID=00&Location=&Month=0&OpponentTeamID=0&Outcome=&PORound=0&PaceAdjust=N&PerMode=PerGame&PlayerExperience=&PlayerPosition=&PlusMinus=N&Rank=N&Season=2023-24&SeasonSegment=&SeasonType=Playoffs&ShotClockRange=&TeamID=0&VsConference=&VsDivision=&Weight=
,,
,lineups > traditional,https://stats.nba.com/stats/leaguedashlineups?Conference=&DateFrom=&DateTo=&Division=&GameSegment=&GroupQuantity=5&ISTRound=&LastNGames=0&LeagueID=00&Location=&MeasureType=Base&Month=0&OpponentTeamID=0&Outcome=&PORound=0&PaceAdjust=N&PerMode=PerGame&Period=0&PlusMinus=N&Rank=N&Season=2023-24&SeasonSegment=&SeasonType=Playoffs&ShotClockRange=&TeamID=0&VsConference=&VsDivision=
,lineups > advanced,https://stats.nba.com/stats/leaguedashlineups?Conference=&DateFrom=&DateTo=&Division=&GameSegment=&GroupQuantity=5&ISTRound=&LastNGames=0&LeagueID=00&Location=&MeasureType=Advanced&Month=0&OpponentTeamID=0&Outcome=&PORound=0&PaceAdjust=N&PerMode=PerGame&Period=0&PlusMinus=N&Rank=N&Season=2023-24&SeasonSegment=&SeasonType=Playoffs&ShotClockRange=&TeamID=0&VsConference=&VsDivision=
,lineups > misc,https://stats.nba.com/stats/leaguedashlineups?Conference=&DateFrom=&DateTo=&Division=&GameSegment=&GroupQuantity=5&ISTRound=&LastNGames=0&LeagueID=00&Location=&MeasureType=Misc&Month=0&OpponentTeamID=0&Outcome=&PORound=0&PaceAdjust=N&PerMode=PerGame&Period=0&PlusMinus=N&Rank=N&Season=2023-24&SeasonSegment=&SeasonType=Playoffs&ShotClockRange=&TeamID=0&VsConference=&VsDivision=
,lineups > four factors,https://stats.nba.com/stats/leaguedashlineups?Conference=&DateFrom=&DateTo=&Division=&GameSegment=&GroupQuantity=5&ISTRound=&LastNGames=0&LeagueID=00&Location=&MeasureType=Four%20Factors&Month=0&OpponentTeamID=0&Outcome=&PORound=0&PaceAdjust=N&PerMode=PerGame&Period=0&PlusMinus=N&Rank=N&Season=2023-24&SeasonSegment=&SeasonType=Playoffs&ShotClockRange=&TeamID=0&VsConference=&VsDivision=
,lineups > scoring,https://stats.nba.com/stats/leaguedashlineups?Conference=&DateFrom=&DateTo=&Division=&GameSegment=&GroupQuantity=5&ISTRound=&LastNGames=0&LeagueID=00&Location=&MeasureType=Scoring&Month=0&OpponentTeamID=0&Outcome=&PORound=0&PaceAdjust=N&PerMode=PerGame&Period=0&PlusMinus=N&Rank=N&Season=2023-24&SeasonSegment=&SeasonType=Playoffs&ShotClockRange=&TeamID=0&VsConference=&VsDivision=
,lineups > opponent,https://stats.nba.com/stats/leaguedashlineups?Conference=&DateFrom=&DateTo=&Division=&GameSegment=&GroupQuantity=5&ISTRound=&LastNGames=0&LeagueID=00&Location=&MeasureType=Opponent&Month=0&OpponentTeamID=0&Outcome=&PORound=0&PaceAdjust=N&PerMode=PerGame&Period=0&PlusMinus=N&Rank=N&Season=2023-24&SeasonSegment=&SeasonType=Playoffs&ShotClockRange=&TeamID=0&VsConference=&VsDivision=
,lineups > traditional > lineups = 4 players ,https://stats.nba.com/stats/leaguedashlineups?Conference=&DateFrom=&DateTo=&Division=&GameSegment=&GroupQuantity=4&ISTRound=&LastNGames=0&LeagueID=00&Location=&MeasureType=Opponent&Month=0&OpponentTeamID=0&Outcome=&PORound=0&PaceAdjust=N&PerMode=PerGame&Period=0&PlusMinus=N&Rank=N&Season=2023-24&SeasonSegment=&SeasonType=Playoffs&ShotClockRange=&TeamID=0&VsConference=&VsDivision=
,lineups > traditional > lineups = 3 players ,https://stats.nba.com/stats/leaguedashlineups?Conference=&DateFrom=&DateTo=&Division=&GameSegment=&GroupQuantity=3&ISTRound=&LastNGames=0&LeagueID=00&Location=&MeasureType=Opponent&Month=0&OpponentTeamID=0&Outcome=&PORound=0&PaceAdjust=N&PerMode=PerGame&Period=0&PlusMinus=N&Rank=N&Season=2023-24&SeasonSegment=&SeasonType=Playoffs&ShotClockRange=&TeamID=0&VsConference=&VsDivision=
,lineups > traditional > lineups = 2 players ,https://stats.nba.com/stats/leaguedashlineups?Conference=&DateFrom=&DateTo=&Division=&GameSegment=&GroupQuantity=2&ISTRound=&LastNGames=0&LeagueID=00&Location=&MeasureType=Opponent&Month=0&OpponentTeamID=0&Outcome=&PORound=0&PaceAdjust=N&PerMode=PerGame&Period=0&PlusMinus=N&Rank=N&Season=2023-24&SeasonSegment=&SeasonType=Playoffs&ShotClockRange=&TeamID=0&VsConference=&VsDivision=